product_id,category,sub_category,brand,product_title,Img_URL,short_description,long_description,price,currency,discount_percentage,stock_quantity,rating,review_count,variants,specifications,tags,reviews
LAP001,Electronics,Laptop,AeroTech,AeroBook Pro 15,null,High-performance gaming laptop,"Powerful laptop designed for gaming, editing and heavy multitasking with dedicated GPU.",74999,INR,10,25,4.3,120,"[{""color"":""Black"",""ram"":""16GB""},{""color"":""Silver"",""ram"":""16GB""}]","{""processor"":""Intel i7 12th Gen"",""ram"":""16GB DDR4"",""storage"":""512GB SSD"",""gpu"":""RTX 3050 4GB"",""display"":""15.6 inch FHD 144Hz"",""battery"":""70Wh""}","[""gaming"",""laptop"",""RTX"",""editing""]","[{""rating"":5,""comment"":""Great gaming performance""},{""rating"":3,""comment"":""Battery life is average""}]"
PHN001,Electronics,Smartphone,NovaTech,Nova X5 Pro,null,Flagship smartphone with AMOLED display,"Premium smartphone offering high refresh rate display, strong processor and advanced camera setup.",28999,INR,8,50,4.4,210,"[{""color"":""Black"",""storage"":""128GB""},{""color"":""Silver"",""storage"":""256GB""}]","{""processor"":""Snapdragon 8 Gen 1"",""ram"":""8GB"",""storage"":""128GB"",""camera"":""108MP + 12MP"",""battery"":""5000mAh"",""display"":""6.7 inch AMOLED 120Hz""}","[""smartphone"",""amoled"",""gaming"",""camera""]","[{""rating"":5,""comment"":""Camera quality is excellent""},{""rating"":4,""comment"":""Battery lasts full day""}]"
PHN002,Electronics,Smartphone,TechMax,MaxPhone 12 Ultra,null,Budget-friendly smartphone with dual camera,Affordable smartphone with excellent battery life and reliable performance for everyday tasks.,14999,INR,12,80,4,145,"[{""color"":""Blue"",""storage"":""64GB""},{""color"":""Black"",""storage"":""128GB""}]","{""processor"":""MediaTek Helio G88"",""ram"":""6GB"",""storage"":""64GB"",""camera"":""50MP + 8MP"",""battery"":""6000mAh"",""display"":""6.5 inch IPS LCD""}","[""budget"",""smartphone"",""long battery"",""everyday use""]","[{""rating"":4,""comment"":""Great value for money""},{""rating"":4,""comment"":""Battery lasts 2 days""}]"
TAB001,Electronics,Tablet,AeroTech,AeroPad Ultra 11,null,Premium tablet for productivity and entertainment,"Large screen tablet perfect for work, streaming and creative tasks with stylus support.",45999,INR,5,30,4.5,89,"[{""color"":""Space Gray"",""storage"":""128GB""},{""color"":""Silver"",""storage"":""256GB""}]","{""processor"":""Snapdragon 870"",""ram"":""8GB"",""storage"":""128GB"",""display"":""11 inch 2K LCD"",""battery"":""8000mAh"",""stylus"":""Supported""}","[""tablet"",""productivity"",""stylus"",""entertainment""]","[{""rating"":5,""comment"":""Perfect for note-taking""},{""rating"":4,""comment"":""Great for watching movies""}]"
HEAD001,Electronics,Headphones,SoundWave,WavePro Noise Cancelling,null,Wireless over-ear headphones with ANC,Premium wireless headphones with active noise cancellation and superior sound quality.,8999,INR,20,60,4.6,234,"[{""color"":""Black""},{""color"":""Silver""}]","{""type"":""Over-Ear"",""connectivity"":""Bluetooth 5.2"",""battery"":""30 hours"",""anc"":""Active"",""drivers"":""40mm""}","[""headphones"",""wireless"",""ANC"",""premium audio""]","[{""rating"":5,""comment"":""Noise cancellation is amazing""},{""rating"":4,""comment"":""Very comfortable for long use""}]"
HEAD002,Electronics,Earbuds,SoundWave,BudsPro TWS Earbuds,null,True wireless earbuds with charging case,Compact TWS earbuds with great sound quality and touch controls.,2999,INR,15,120,4.2,312,"[{""color"":""White""},{""color"":""Black""}]","{""type"":""In-Ear"",""connectivity"":""Bluetooth 5.0"",""battery"":""24 hours with case"",""water_resistance"":""IPX4"",""touch_controls"":""Yes""}","[""earbuds"",""TWS"",""wireless"",""portable""]","[{""rating"":4,""comment"":""Good sound quality""},{""rating"":4,""comment"":""Comfortable fit""}]"
CAM001,Electronics,Camera,PixelPro,ProShot DSLR 5000,null,Professional DSLR camera with 24MP sensor,High-quality DSLR camera perfect for photography enthusiasts and professionals.,52999,INR,8,15,4.7,67,"[{""type"":""Body Only""},{""type"":""With 18-55mm Lens""}]","{""sensor"":""24MP APS-C CMOS"",""iso"":""100-25600"",""video"":""4K 30fps"",""viewfinder"":""Optical"",""screen"":""3 inch Touchscreen""}","[""camera"",""DSLR"",""photography"",""professional""]","[{""rating"":5,""comment"":""Outstanding image quality""},{""rating"":4,""comment"":""Great for beginners""}]"
WATCH001,Electronics,Smartwatch,FitTech,FitWatch Pro 3,null,Advanced smartwatch with health tracking,"Feature-rich smartwatch with heart rate monitoring, GPS and fitness tracking.",12999,INR,10,45,4.3,178,"[{""color"":""Black"",""size"":""42mm""},{""color"":""Silver"",""size"":""46mm""}]","{""display"":""1.4 inch AMOLED"",""battery"":""7 days"",""sensors"":""Heart Rate, SpO2, GPS"",""water_resistance"":""5ATM"",""os"":""Wear OS""}","[""smartwatch"",""fitness"",""health tracking"",""GPS""]","[{""rating"":4,""comment"":""Accurate fitness tracking""},{""rating"":5,""comment"":""Battery life is excellent""}]"
LAP002,Electronics,Laptop,TechMax,MaxBook Air 14,null,Lightweight ultrabook for students,Portable and efficient laptop perfect for students and professionals on the go.,42999,INR,12,35,4.1,95,"[{""color"":""Silver"",""ram"":""8GB""},{""color"":""Gold"",""ram"":""16GB""}]","{""processor"":""Intel i5 11th Gen"",""ram"":""8GB DDR4"",""storage"":""512GB SSD"",""display"":""14 inch FHD"",""battery"":""50Wh"",""weight"":""1.3kg""}","[""laptop"",""ultrabook"",""lightweight"",""student""]","[{""rating"":4,""comment"":""Very portable""},{""rating"":4,""comment"":""Good for office work""}]"
TV001,Electronics,Television,VisionTech,UltraView 55 4K Smart TV,null,55-inch 4K UHD Smart TV,Stunning 4K display with HDR support and built-in streaming apps.,38999,INR,15,20,4.4,156,"[{""size"":""55 inch""},{""size"":""65 inch""}]","{""resolution"":""4K UHD"",""hdr"":""HDR10"",""smart"":""Android TV"",""sound"":""20W Dolby Audio"",""ports"":""3 HDMI, 2 USB""}","[""TV"",""4K"",""smart TV"",""HDR"",""streaming""]","[{""rating"":5,""comment"":""Picture quality is superb""},{""rating"":4,""comment"":""Great for movies""}]"
SPEAK001,Electronics,Speaker,SoundWave,BoomBox Bluetooth Speaker,null,Portable wireless speaker with deep bass,Powerful Bluetooth speaker with 360-degree sound and waterproof design.,3999,INR,18,70,4.3,203,"[{""color"":""Black""},{""color"":""Blue""}]","{""connectivity"":""Bluetooth 5.0"",""battery"":""12 hours"",""water_resistance"":""IPX7"",""output"":""20W"",""bass"":""Enhanced""}","[""speaker"",""Bluetooth"",""portable"",""waterproof"",""bass""]","[{""rating"":4,""comment"":""Amazing bass""},{""rating"":5,""comment"":""Very loud and clear""}]"
MON001,Electronics,Monitor,ViewMax,ProDisplay 27 QHD,null,27-inch QHD monitor for professionals,High-resolution monitor with color accuracy perfect for designers and content creators.,24999,INR,10,25,4.5,82,"[{""size"":""27 inch""},{""size"":""32 inch""}]","{""resolution"":""2560x1440 QHD"",""refresh_rate"":""75Hz"",""panel"":""IPS"",""color"":""99% sRGB"",""ports"":""HDMI, DisplayPort, USB-C""}","[""monitor"",""QHD"",""professional"",""color accurate"",""IPS""]","[{""rating"":5,""comment"":""Perfect for photo editing""},{""rating"":4,""comment"":""Great color accuracy""}]"
KEYB001,Electronics,Keyboard,TypeMaster,MechPro RGB Keyboard,null,Mechanical gaming keyboard with RGB,Premium mechanical keyboard with customizable RGB lighting and tactile switches.,4999,INR,20,55,4.4,127,"[{""switch"":""Blue""},{""switch"":""Red""}]","{""type"":""Mechanical"",""switches"":""Cherry MX"",""backlight"":""RGB"",""connection"":""Wired USB"",""keys"":""104 keys""}","[""keyboard"",""mechanical"",""gaming"",""RGB"",""tactile""]","[{""rating"":5,""comment"":""Typing feels amazing""},{""rating"":4,""comment"":""RGB looks great""}]"
MOUSE001,Electronics,Mouse,TypeMaster,GameX Pro Gaming Mouse,null,High-precision wireless gaming mouse,Professional gaming mouse with adjustable DPI and programmable buttons.,2499,INR,15,85,4.2,164,"[{""color"":""Black""},{""color"":""White""}]","{""type"":""Wireless"",""dpi"":""16000"",""buttons"":""8 programmable"",""battery"":""70 hours"",""rgb"":""Yes""}","[""mouse"",""gaming"",""wireless"",""high DPI"",""RGB""]","[{""rating"":4,""comment"":""Very responsive""},{""rating"":4,""comment"":""Comfortable grip""}]"
POW001,Electronics,Power Bank,ChargePlus,PowerMax 20000mAh,null,High-capacity portable charger,Fast-charging power bank with multiple ports for all your devices.,1999,INR,25,100,4.1,289,"[{""color"":""Black""},{""color"":""Blue""}]","{""capacity"":""20000mAh"",""ports"":""2 USB-A, 1 USB-C"",""fast_charging"":""Yes"",""output"":""18W"",""input"":""USB-C""}","[""power bank"",""portable charger"",""fast charging"",""high capacity""]","[{""rating"":4,""comment"":""Charges my phone 4 times""},{""rating"":4,""comment"":""Compact and portable""}]"
CLO001,Clothing,T-Shirt,UrbanWear,Slim Fit Cotton T-Shirt,null,Comfortable everyday cotton t-shirt,100% cotton breathable slim fit t-shirt ideal for daily wear and casual outings.,999,INR,15,100,4.1,58,"[{""color"":""Black"",""size"":""M""},{""color"":""Blue"",""size"":""L""}]","{""material"":""Cotton"",""fit"":""Slim"",""pattern"":""Solid"",""sleeve"":""Half Sleeve"",""care"":""Machine Wash""}","[""casual"",""cotton"",""summer"",""slim fit""]","[{""rating"":4,""comment"":""Comfortable fabric""},{""rating"":2,""comment"":""Size runs slightly small""}]"
CLO002,Clothing,Jeans,DenimCraft,Classic Blue Slim Fit Jeans,null,Stylish slim fit denim jeans,Premium quality denim jeans with comfortable stretch and modern slim fit.,2499,INR,20,75,4.3,142,"[{""color"":""Light Blue"",""size"":""32""},{""color"":""Dark Blue"",""size"":""34""}]","{""material"":""Denim"",""fit"":""Slim"",""wash"":""Stone Washed"",""closure"":""Button Fly"",""stretch"":""Yes""}","[""jeans"",""denim"",""slim fit"",""casual"",""stretch""]","[{""rating"":5,""comment"":""Perfect fit and comfort""},{""rating"":4,""comment"":""Good quality denim""}]"
CLO003,Clothing,Jacket,OutdoorPro,Winter Puffer Jacket,null,Warm insulated jacket for winter,Water-resistant puffer jacket with thermal insulation perfect for cold weather.,3999,INR,18,40,4.5,98,"[{""color"":""Black"",""size"":""L""},{""color"":""Navy"",""size"":""XL""}]","{""material"":""Polyester"",""insulation"":""Synthetic"",""water_resistant"":""Yes"",""pockets"":""4"",""hood"":""Detachable""}","[""jacket"",""winter"",""puffer"",""warm"",""water resistant""]","[{""rating"":5,""comment"":""Very warm and comfortable""},{""rating"":4,""comment"":""Great for cold weather""}]"
CLO004,Clothing,Shirt,FormalFit,Formal White Dress Shirt,null,Classic white formal shirt,Premium cotton formal shirt perfect for office and formal occasions.,1799,INR,12,90,4.2,123,"[{""color"":""White"",""size"":""40""},{""color"":""Light Blue"",""size"":""42""}]","{""material"":""Cotton"",""fit"":""Regular"",""collar"":""Spread"",""cuff"":""Button"",""pattern"":""Solid""}","[""shirt"",""formal"",""office"",""cotton"",""classic""]","[{""rating"":4,""comment"":""Good quality fabric""},{""rating"":4,""comment"":""Perfect for office""}]"
CLO005,Clothing,Dress,ChicStyle,Floral Maxi Dress,null,Elegant floral print maxi dress,Beautiful flowing maxi dress with vibrant floral print perfect for summer.,2999,INR,22,55,4.4,87,"[{""color"":""Floral Print"",""size"":""S""},{""color"":""Floral Print"",""size"":""M""}]","{""material"":""Rayon"",""length"":""Maxi"",""pattern"":""Floral"",""fit"":""A-Line"",""sleeve"":""Sleeveless""}","[""dress"",""maxi"",""floral"",""summer"",""elegant""]","[{""rating"":5,""comment"":""Beautiful dress""},{""rating"":4,""comment"":""Comfortable and stylish""}]"
CLO006,Clothing,Hoodie,UrbanWear,Cotton Pullover Hoodie,null,Cozy cotton hoodie for casual wear,Comfortable pullover hoodie with kangaroo pocket perfect for relaxed style.,1799,INR,15,80,4.3,156,"[{""color"":""Gray"",""size"":""M""},{""color"":""Black"",""size"":""L""}]","{""material"":""Cotton Blend"",""fit"":""Regular"",""hood"":""Yes"",""pocket"":""Kangaroo"",""care"":""Machine Wash""}","[""hoodie"",""casual"",""cotton"",""comfortable"",""streetwear""]","[{""rating"":4,""comment"":""Very comfortable""},{""rating"":5,""comment"":""Perfect for winter""}]"
CLO007,Clothing,Trousers,FormalFit,Formal Pleated Trousers,null,Classic formal trousers for office,Elegant pleated trousers with comfortable fit ideal for professional settings.,1999,INR,10,65,4.1,94,"[{""color"":""Black"",""size"":""32""},{""color"":""Gray"",""size"":""34""}]","{""material"":""Polyester Blend"",""fit"":""Regular"",""pleats"":""Double"",""closure"":""Zipper"",""pockets"":""4""}","[""trousers"",""formal"",""office"",""pleated"",""professional""]","[{""rating"":4,""comment"":""Good fit""},{""rating"":4,""comment"":""Comfortable for all day wear""}]"
CLO008,Clothing,Shorts,ActiveSport,Athletic Running Shorts,null,Lightweight shorts for workouts,Quick-dry athletic shorts with moisture-wicking fabric perfect for running and gym.,899,INR,20,110,4.2,178,"[{""color"":""Black"",""size"":""M""},{""color"":""Navy"",""size"":""L""}]","{""material"":""Polyester"",""fit"":""Regular"",""length"":""Above Knee"",""pockets"":""2"",""moisture_wicking"":""Yes""}","[""shorts"",""athletic"",""running"",""gym"",""quick dry""]","[{""rating"":4,""comment"":""Very comfortable for running""},{""rating"":4,""comment"":""Dries quickly""}]"
CLO009,Clothing,Sweater,CozyKnit,Wool Blend Pullover Sweater,null,Warm wool pullover for winter,Soft wool blend sweater with ribbed cuffs perfect for cold weather.,2499,INR,15,50,4.4,112,"[{""color"":""Navy"",""size"":""M""},{""color"":""Maroon"",""size"":""L""}]","{""material"":""Wool Blend"",""fit"":""Regular"",""neck"":""Crew Neck"",""sleeve"":""Long Sleeve"",""care"":""Hand Wash""}","[""sweater"",""wool"",""winter"",""warm"",""pullover""]","[{""rating"":5,""comment"":""Very warm and soft""},{""rating"":4,""comment"":""Good quality""}]"
CLO010,Clothing,Polo Shirt,SportFit,Classic Pique Polo Shirt,null,Casual polo shirt with collar,Timeless pique polo shirt suitable for both casual and semi-formal occasions.,1299,INR,18,95,4.2,134,"[{""color"":""White"",""size"":""M""},{""color"":""Navy"",""size"":""L""}]","{""material"":""Cotton Pique"",""fit"":""Regular"",""collar"":""Polo"",""closure"":""Button"",""pattern"":""Solid""}","[""polo"",""casual"",""collar"",""cotton"",""versatile""]","[{""rating"":4,""comment"":""Good quality fabric""},{""rating"":4,""comment"":""Versatile shirt""}]"
CLO011,Clothing,Blazer,FormalFit,Tailored Business Blazer,null,Professional blazer for business wear,Sophisticated tailored blazer with notch lapel perfect for formal occasions.,4999,INR,12,30,4.5,76,"[{""color"":""Black"",""size"":""40""},{""color"":""Charcoal"",""size"":""42""}]","{""material"":""Polyester Blend"",""fit"":""Slim"",""lapel"":""Notch"",""buttons"":""2 Button"",""pockets"":""3"",""lining"":""Fully Lined""}","[""blazer"",""formal"",""business"",""tailored"",""professional""]","[{""rating"":5,""comment"":""Perfect fit and quality""},{""rating"":4,""comment"":""Great for meetings""}]"
CLO012,Clothing,Leggings,ActiveSport,High Waist Yoga Leggings,null,Comfortable leggings for yoga and fitness,Stretchy high-waist leggings with compression fit perfect for workouts.,1199,INR,25,120,4.3,198,"[{""color"":""Black"",""size"":""S""},{""color"":""Gray"",""size"":""M""}]","{""material"":""Spandex Blend"",""fit"":""Compression"",""waist"":""High Waist"",""length"":""Full Length"",""pocket"":""Side Pocket""}","[""leggings"",""yoga"",""fitness"",""stretchy"",""high waist""]","[{""rating"":4,""comment"":""Very comfortable""},{""rating"":5,""comment"":""Perfect for yoga""}]"
CLO013,Clothing,Tank Top,ActiveSport,Breathable Training Tank,null,Lightweight tank top for workouts,Breathable athletic tank with moisture management for intense training sessions.,699,INR,20,130,4.1,167,"[{""color"":""Black"",""size"":""M""},{""color"":""Blue"",""size"":""L""}]","{""material"":""Polyester"",""fit"":""Regular"",""neck"":""Scoop Neck"",""back"":""Racerback"",""moisture_wicking"":""Yes""}","[""tank top"",""training"",""breathable"",""gym"",""athletic""]","[{""rating"":4,""comment"":""Great for gym""},{""rating"":4,""comment"":""Breathable fabric""}]"
CLO014,Clothing,Cardigan,CozyKnit,Button Front Knit Cardigan,null,Cozy knit cardigan for layering,Soft knit cardigan with button closure perfect for layering in cool weather.,2199,INR,15,60,4.3,105,"[{""color"":""Beige"",""size"":""M""},{""color"":""Gray"",""size"":""L""}]","{""material"":""Acrylic Blend"",""fit"":""Regular"",""closure"":""Button"",""pockets"":""2"",""length"":""Hip Length""}","[""cardigan"",""knit"",""layering"",""cozy"",""button front""]","[{""rating"":4,""comment"":""Very soft and comfortable""},{""rating"":4,""comment"":""Great for layering""}]"
CLO015,Clothing,Tracksuit,ActiveSport,Complete Training Tracksuit,null,Full tracksuit for sports and casual,"Matching jacket and pants set perfect for training, jogging and casual wear.",3499,INR,20,45,4.2,89,"[{""color"":""Black"",""size"":""M""},{""color"":""Navy"",""size"":""L""}]","{""material"":""Polyester"",""fit"":""Regular"",""jacket"":""Zip Up"",""pants"":""Elastic Waist"",""pockets"":""4 Total""}","[""tracksuit"",""training"",""sports"",""casual"",""matching set""]","[{""rating"":4,""comment"":""Comfortable for jogging""},{""rating"":4,""comment"":""Good quality""}]"
HOME001,Home & Kitchen,Cookware,ChefPro,Non-Stick Cookware Set 5 Pieces,null,Complete non-stick cookware set,Premium 5-piece cookware set with durable non-stick coating and heat-resistant handles.,3999,INR,18,40,4.4,156,"[{""color"":""Black"",""pieces"":""5""},{""color"":""Red"",""pieces"":""7""}]","{""material"":""Aluminum"",""coating"":""Non-Stick"",""pieces"":""5"",""induction"":""No"",""oven_safe"":""No""}","[""cookware"",""non-stick"",""kitchen"",""cooking"",""set""]","[{""rating"":5,""comment"":""Excellent quality""},{""rating"":4,""comment"":""Easy to clean""}]"
HOME002,Home & Kitchen,Mixer Grinder,PowerBlend,PowerBlend Pro 750W Mixer,null,Powerful mixer grinder with 3 jars,High-performance 750W mixer grinder with stainless steel jars and blades.,4499,INR,15,35,4.3,189,"[{""color"":""White"",""jars"":""3""},{""color"":""Red"",""jars"":""4""}]","{""power"":""750W"",""jars"":""3"",""material"":""Stainless Steel"",""speeds"":""3"",""warranty"":""2 years""}","[""mixer grinder"",""kitchen appliance"",""powerful"",""stainless steel""]","[{""rating"":4,""comment"":""Grinds very well""},{""rating"":5,""comment"":""Powerful motor""}]"
HOME003,Home & Kitchen,Vacuum Cleaner,CleanMaster,Bagless Vacuum Cleaner 1400W,null,Powerful bagless vacuum cleaner,High-suction vacuum cleaner with HEPA filter and multiple attachments.,6999,INR,20,25,4.2,134,"[{""color"":""Blue""},{""color"":""Red""}]","{""power"":""1400W"",""type"":""Bagless"",""capacity"":""2L"",""filter"":""HEPA"",""attachments"":""5""}","[""vacuum cleaner"",""bagless"",""HEPA filter"",""cleaning"",""powerful""]","[{""rating"":4,""comment"":""Great suction power""},{""rating"":4,""comment"":""Easy to use""}]"
HOME004,Home & Kitchen,Air Purifier,PureAir,Smart Air Purifier with HEPA,null,Advanced air purifier for clean air,Smart air purifier with True HEPA filter removes 99.97% of pollutants.,8999,INR,15,30,4.5,167,"[{""color"":""White"",""coverage"":""300 sq ft""},{""color"":""Black"",""coverage"":""500 sq ft""}]","{""filter"":""True HEPA"",""coverage"":""300 sq ft"",""modes"":""4"",""noise"":""25dB"",""smart"":""App Control""}","[""air purifier"",""HEPA"",""smart"",""clean air"",""home""]","[{""rating"":5,""comment"":""Excellent for allergies""},{""rating"":4,""comment"":""Very quiet""}]"
HOME005,Home & Kitchen,Water Purifier,AquaPure,RO Water Purifier 7 Stage,null,Advanced RO water purification system,7-stage RO purification with UV and UF technology for safe drinking water.,12999,INR,18,20,4.4,198,"[{""capacity"":""7L""},{""capacity"":""10L""}]","{""technology"":""RO+UV+UF"",""stages"":""7"",""capacity"":""7L"",""tds"":""Up to 2000ppm"",""warranty"":""1 year""}","[""water purifier"",""RO"",""UV"",""safe water"",""kitchen""]","[{""rating"":5,""comment"":""Water tastes great""},{""rating"":4,""comment"":""Easy installation""}]"
HOME006,Home & Kitchen,Coffee Maker,BrewMaster,Automatic Coffee Machine,null,Programmable coffee maker with timer,Advanced coffee maker with multiple brew strength options and keep-warm function.,5499,INR,20,45,4.3,145,"[{""capacity"":""10 cups"",""color"":""Black""},{""capacity"":""12 cups"",""color"":""Silver""}]","{""capacity"":""10 cups"",""programmable"":""Yes"",""keep_warm"":""Yes"",""brew_strength"":""3 levels"",""filter"":""Permanent""}","[""coffee maker"",""automatic"",""programmable"",""kitchen"",""brewing""]","[{""rating"":4,""comment"":""Makes great coffee""},{""rating"":5,""comment"":""Love the timer feature""}]"
HOME007,Home & Kitchen,Dinner Set,DineWell,Ceramic Dinner Set 24 Pieces,null,Complete ceramic dinner set for 6,Elegant 24-piece ceramic dinner set with modern design for family dining.,3499,INR,22,50,4.2,112,"[{""design"":""Floral"",""pieces"":""24""},{""design"":""Geometric"",""pieces"":""32""}]","{""material"":""Ceramic"",""pieces"":""24"",""serves"":""6"",""microwave_safe"":""Yes"",""dishwasher_safe"":""Yes""}","[""dinner set"",""ceramic"",""tableware"",""dining"",""family""]","[{""rating"":4,""comment"":""Beautiful design""},{""rating"":4,""comment"":""Good quality""}]"
HOME008,Home & Kitchen,Pressure Cooker,ChefPro,Stainless Steel Pressure Cooker 5L,null,Durable pressure cooker for fast cooking,Premium stainless steel pressure cooker with safety features and induction base.,2999,INR,15,60,4.4,223,"[{""capacity"":""3L""},{""capacity"":""5L""}]","{""material"":""Stainless Steel"",""capacity"":""5L"",""induction"":""Yes"",""safety_valves"":""3"",""warranty"":""5 years""}","[""pressure cooker"",""stainless steel"",""induction"",""fast cooking"",""kitchen""]","[{""rating"":5,""comment"":""Cooks very fast""},{""rating"":4,""comment"":""Very safe to use""}]"
HOME009,Home & Kitchen,Microwave Oven,CookFast,Convection Microwave 28L,null,Multi-function convection microwave,Versatile convection microwave with grill and bake functions for complete cooking.,11999,INR,18,28,4.3,176,"[{""capacity"":""23L"",""color"":""Black""},{""capacity"":""28L"",""color"":""Silver""}]","{""capacity"":""28L"",""type"":""Convection"",""power"":""900W"",""functions"":""Microwave, Grill, Bake"",""auto_cook"":""101 menus""}","[""microwave"",""convection"",""multi-function"",""baking"",""kitchen appliance""]","[{""rating"":4,""comment"":""Very versatile""},{""rating"":5,""comment"":""Baking works great""}]"
HOME010,Home & Kitchen,Bedsheet Set,SleepWell,Cotton Bedsheet Set King Size,null,Premium cotton bedsheet with pillowcases,Soft and breathable cotton bedsheet set with matching pillow covers.,1999,INR,25,75,4.2,189,"[{""size"":""Queen"",""design"":""Floral""},{""size"":""King"",""design"":""Geometric""}]","{""material"":""100% Cotton"",""size"":""King"",""thread_count"":""200"",""includes"":""1 Bedsheet, 2 Pillow Covers"",""care"":""Machine Wash""}","[""bedsheet"",""cotton"",""king size"",""bedroom"",""comfortable""]","[{""rating"":4,""comment"":""Very soft and comfortable""},{""rating"":4,""comment"":""Good quality cotton""}]"
BOOK001,Books,Fiction,ReadMore Publishing,The Midnight Garden,null,Mystery thriller novel,Gripping mystery thriller about secrets hidden in an old mansion garden.,399,INR,20,150,4.4,234,"[{""format"":""Paperback""},{""format"":""Hardcover""}]","{""author"":""Sarah Mitchell"",""pages"":""384"",""language"":""English"",""publisher"":""ReadMore Publishing"",""isbn"":""978-1234567890""}","[""fiction"",""thriller"",""mystery"",""suspense"",""bestseller""]","[{""rating"":5,""comment"":""Could not put it down""},{""rating"":4,""comment"":""Great plot twists""}]"
BOOK002,Books,Self Help,GrowthMind Publishing,Mindful Success,null,Guide to achieving goals mindfully,Practical guide combining mindfulness with goal achievement strategies.,449,INR,15,120,4.5,189,"[{""format"":""Paperback""},{""format"":""eBook""}]","{""author"":""Dr. James Cooper"",""pages"":""256"",""language"":""English"",""publisher"":""GrowthMind Publishing"",""isbn"":""978-9876543210""}","[""self help"",""mindfulness"",""success"",""motivation"",""personal growth""]","[{""rating"":5,""comment"":""Life-changing book""},{""rating"":4,""comment"":""Very practical advice""}]"
BOOK003,Books,Programming,TechBooks Press,Python for Data Science,null,Complete guide to Python data analysis,Comprehensive guide covering Python programming for data science and machine learning.,699,INR,18,90,4.6,267,"[{""format"":""Paperback""},{""format"":""eBook""}]","{""author"":""Michael Chen"",""pages"":""512"",""language"":""English"",""publisher"":""TechBooks Press"",""isbn"":""978-5555555555""}","[""programming"",""Python"",""data science"",""machine learning"",""technical""]","[{""rating"":5,""comment"":""Best Python resource""},{""rating"":5,""comment"":""Very comprehensive""}]"
BOOK004,Books,Biography,LifeStory Publishers,Journey to Innovation,null,Biography of tech entrepreneur,Inspiring story of a tech entrepreneur who revolutionized the industry.,499,INR,20,80,4.3,156,"[{""format"":""Paperback""},{""format"":""Hardcover""}]","{""author"":""Robert Williams"",""pages"":""368"",""language"":""English"",""publisher"":""LifeStory Publishers"",""isbn"":""978-7777777777""}","[""biography"",""entrepreneur"",""technology"",""inspiration"",""success story""]","[{""rating"":4,""comment"":""Very inspiring""},{""rating"":5,""comment"":""Motivational read""}]"
BOOK005,Books,Cooking,FlavorBooks,Indian Cuisine Masterclass,null,Comprehensive Indian cooking guide,Complete guide to authentic Indian recipes with step-by-step instructions.,599,INR,15,70,4.5,178,"[{""format"":""Paperback""},{""format"":""Hardcover""}]","{""author"":""Chef Priya Sharma"",""pages"":""320"",""language"":""English"",""publisher"":""FlavorBooks"",""isbn"":""978-8888888888""}","[""cooking"",""Indian cuisine"",""recipes"",""food"",""culinary""]","[{""rating"":5,""comment"":""Authentic recipes""},{""rating"":4,""comment"":""Easy to follow""}]"
BOOK006,Books,Science,Discovery Books,Cosmos Explained,null,Journey through space and time,Fascinating exploration of the universe from atoms to galaxies.,549,INR,12,65,4.6,198,"[{""format"":""Paperback""},{""format"":""Hardcover""}]","{""author"":""Dr. Neil Robertson"",""pages"":""432"",""language"":""English"",""publisher"":""Discovery Books"",""isbn"":""978-9999999999""}","[""science"",""astronomy"",""cosmos"",""space"",""education""]","[{""rating"":5,""comment"":""Mind-blowing content""},{""rating"":5,""comment"":""Beautifully explained""}]"
BOOK007,Books,Children,KidsWorld Publishers,Adventures in Wonderland,null,Illustrated stories for kids,Collection of magical stories with beautiful illustrations for young readers.,349,INR,20,110,4.4,145,"[{""format"":""Paperback""},{""format"":""Hardcover""}]","{""author"":""Emma Thompson"",""pages"":""128"",""language"":""English"",""publisher"":""KidsWorld Publishers"",""isbn"":""978-1111111111"",""age_group"":""5-10 years""}","[""children"",""illustrated"",""stories"",""kids"",""adventure""]","[{""rating"":5,""comment"":""Kids love it""},{""rating"":4,""comment"":""Beautiful illustrations""}]"
BOOK008,Books,Business,Executive Press,Leadership Principles,null,Modern leadership guide,Essential principles and strategies for effective leadership in modern organizations.,599,INR,18,85,4.4,167,"[{""format"":""Paperback""},{""format"":""Hardcover""}]","{""author"":""Margaret Foster"",""pages"":""296"",""language"":""English"",""publisher"":""Executive Press"",""isbn"":""978-2222222222""}","[""business"",""leadership"",""management"",""professional"",""strategy""]","[{""rating"":4,""comment"":""Very insightful""},{""rating"":5,""comment"":""Must-read for managers""}]"
BOOK009,Books,History,Heritage Publishers,Ancient Civilizations,null,Exploration of ancient world cultures,Detailed account of major ancient civilizations and their contributions.,649,INR,15,60,4.5,134,"[{""format"":""Paperback""},{""format"":""Hardcover""}]","{""author"":""Dr. Thomas Anderson"",""pages"":""456"",""language"":""English"",""publisher"":""Heritage Publishers"",""isbn"":""978-3333333333""}","[""history"",""ancient"",""civilizations"",""culture"",""education""]","[{""rating"":5,""comment"":""Very informative""},{""rating"":4,""comment"":""Well researched""}]"
BOOK010,Books,Romance,LoveStory Press,Hearts Entwined,null,Contemporary romance novel,Heartwarming love story set in modern times with relatable characters.,379,INR,22,95,4.2,212,"[{""format"":""Paperback""},{""format"":""eBook""}]","{""author"":""Jessica Martin"",""pages"":""312"",""language"":""English"",""publisher"":""LoveStory Press"",""isbn"":""978-4444444444""}","[""romance"",""love story"",""contemporary"",""fiction"",""emotional""]","[{""rating"":4,""comment"":""Very romantic""},{""rating"":5,""comment"":""Loved the characters""}]"
